<?xml version="1.0" ?>
<AnimData>
  <ShadowSize>2</ShadowSize>
  <Anims>
    <Anim>
      <Name>Walk</Name>
      <Index>0</Index>
      <FrameWidth>72</FrameWidth>
      <FrameHeight>104</FrameHeight>
      <Durations>
        <Duration>12</Duration>
        <Duration>14</Duration>
        <Duration>12</Duration>
        <Duration>14</Duration>
      </Durations>
    </Anim>
    <Anim>
      <Name>Attack</Name>
      <Index>1</Index>
      <FrameWidth>96</FrameWidth>
      <FrameHeight>128</FrameHeight>
      <HitFrame>2</HitFrame>
      <ReturnFrame>7</ReturnFrame>
      <Durations>
        <Duration>2</Duration>
        <Duration>2</Duration>
        <Duration>6</Duration>
        <Duration>1</Duration>
        <Duration>1</Duration>
        <Duration>1</Duration>
        <Duration>2</Duration>
        <Duration>2</Duration>
        <Duration>2</Duration>
        <Duration>2</Duration>
        <Duration>2</Duration>
        <Duration>2</Duration>
        <Duration>1</Duration>
        <Duration>2</Duration>
      </Durations>
    </Anim>
    <Anim>
      <Name>Scratch</Name>
      <Index>2</Index>
      <FrameWidth>88</FrameWidth>
      <FrameHeight>120</FrameHeight>
      <HitFrame>2</HitFrame>
      <ReturnFrame>5</ReturnFrame>
      <Durations>
        <Duration>2</Duration>
        <Duration>2</Duration>
        <Duration>6</Duration>
        <Duration>2</Duration>
        <Duration>2</Duration>
        <Duration>4</Duration>
        <Duration>6</Duration>
        <Duration>2</Duration>
      </Durations>
    </Anim>
    <Anim>
      <Name>Shoot</Name>
      <Index>3</Index>
      <FrameWidth>72</FrameWidth>
      <FrameHeight>120</FrameHeight>
      <HitFrame>2</HitFrame>
      <ReturnFrame>5</ReturnFrame>
      <Durations>
        <Duration>1</Duration>
        <Duration>2</Duration>
        <Duration>8</Duration>
        <Duration>1</Duration>
        <Duration>2</Duration>
        <Duration>2</Duration>
        <Duration>2</Duration>
        <Duration>2</Duration>
        <Duration>2</Duration>
        <Duration>2</Duration>
        <Duration>2</Duration>
        <Duration>2</Duration>
      </Durations>
    </Anim>
    <Anim>
      <Name>Rumble</Name>
      <CopyOf>RearUp</CopyOf>
    </Anim>
    <Anim>
      <Name>RearUp</Name>
      <Index>4</Index>
      <FrameWidth>72</FrameWidth>
      <FrameHeight>120</FrameHeight>
      <HitFrame>0</HitFrame>
      <ReturnFrame>4</ReturnFrame>
      <Durations>
        <Duration>2</Duration>
        <Duration>4</Duration>
        <Duration>4</Duration>
        <Duration>6</Duration>
        <Duration>2</Duration>
        <Duration>2</Duration>
        <Duration>2</Duration>
        <Duration>2</Duration>
        <Duration>2</Duration>
        <Duration>2</Duration>
        <Duration>2</Duration>
      </Durations>
    </Anim>
    <Anim>
      <Name>Sleep</Name>
      <Index>5</Index>
      <FrameWidth>64</FrameWidth>
      <FrameHeight>64</FrameHeight>
      <Durations>
        <Duration>30</Duration>
        <Duration>35</Duration>
      </Durations>
    </Anim>
    <Anim>
      <Name>Hurt</Name>
      <Index>6</Index>
      <FrameWidth>80</FrameWidth>
      <FrameHeight>120</FrameHeight>
      <Durations>
        <Duration>2</Duration>
        <Duration>8</Duration>
      </Durations>
    </Anim>
    <Anim>
      <Name>Idle</Name>
      <Index>7</Index>
      <FrameWidth>72</FrameWidth>
      <FrameHeight>104</FrameHeight>
      <Durations>
        <Duration>80</Duration>
        <Duration>45</Duration>
      </Durations>
    </Anim>
    <Anim>
      <Name>Swing</Name>
      <Index>8</Index>
      <FrameWidth>88</FrameWidth>
      <FrameHeight>112</FrameHeight>
      <HitFrame>5</HitFrame>
      <ReturnFrame>5</ReturnFrame>
      <Durations>
        <Duration>2</Duration>
        <Duration>1</Duration>
        <Duration>2</Duration>
        <Duration>2</Duration>
        <Duration>3</Duration>
        <Duration>2</Duration>
        <Duration>2</Duration>
        <Duration>1</Duration>
        <Duration>1</Duration>
      </Durations>
    </Anim>
    <Anim>
      <Name>Double</Name>
      <Index>9</Index>
      <FrameWidth>96</FrameWidth>
      <FrameHeight>128</FrameHeight>
      <Durations>
        <Duration>2</Duration>
        <Duration>2</Duration>
        <Duration>2</Duration>
        <Duration>2</Duration>
        <Duration>2</Duration>
        <Duration>2</Duration>
        <Duration>3</Duration>
        <Duration>3</Duration>
        <Duration>3</Duration>
        <Duration>2</Duration>
        <Duration>3</Duration>
        <Duration>2</Duration>
        <Duration>2</Duration>
        <Duration>2</Duration>
        <Duration>2</Duration>
        <Duration>2</Duration>
      </Durations>
    </Anim>
    <Anim>
      <Name>Hop</Name>
      <Index>10</Index>
      <FrameWidth>72</FrameWidth>
      <FrameHeight>160</FrameHeight>
      <HitFrame>9</HitFrame>
      <Durations>
        <Duration>2</Duration>
        <Duration>1</Duration>
        <Duration>2</Duration>
        <Duration>3</Duration>
        <Duration>4</Duration>
        <Duration>4</Duration>
        <Duration>3</Duration>
        <Duration>2</Duration>
        <Duration>1</Duration>
        <Duration>2</Duration>
      </Durations>
    </Anim>
    <Anim>
      <Name>Charge</Name>
      <Index>11</Index>
      <FrameWidth>72</FrameWidth>
      <FrameHeight>112</FrameHeight>
      <HitFrame>5</HitFrame>
      <ReturnFrame>9</ReturnFrame>
      <Durations>
        <Duration>2</Duration>
        <Duration>2</Duration>
        <Duration>2</Duration>
        <Duration>2</Duration>
        <Duration>2</Duration>
        <Duration>2</Duration>
        <Duration>2</Duration>
        <Duration>2</Duration>
        <Duration>2</Duration>
        <Duration>2</Duration>
      </Durations>
    </Anim>
    <Anim>
      <Name>Rotate</Name>
      <Index>12</Index>
      <FrameWidth>72</FrameWidth>
      <FrameHeight>104</FrameHeight>
      <HitFrame>8</HitFrame>
      <Durations>
        <Duration>2</Duration>
        <Duration>2</Duration>
        <Duration>2</Duration>
        <Duration>2</Duration>
        <Duration>2</Duration>
        <Duration>2</Duration>
        <Duration>2</Duration>
        <Duration>2</Duration>
        <Duration>2</Duration>
      </Durations>
    </Anim>
    <Anim>
      <Name>Injured</Name>
      <Index>13</Index>
      <FrameWidth>56</FrameWidth>
      <FrameHeight>88</FrameHeight>
      <Durations>
        <Duration>36</Duration>
        <Duration>26</Duration>
      </Durations>
    </Anim>
    <Anim>
      <Name>Faint</Name>
      <Index>14</Index>
      <FrameWidth>64</FrameWidth>
      <FrameHeight>88</FrameHeight>
      <Durations>
        <Duration>2</Duration>
        <Duration>2</Duration>
        <Duration>2</Duration>
        <Duration>2</Duration>
        <Duration>2</Duration>
        <Duration>2</Duration>
        <Duration>14</Duration>
        <Duration>2</Duration>
        <Duration>2</Duration>
        <Duration>2</Duration>
        <Duration>2</Duration>
        <Duration>2</Duration>
        <Duration>2</Duration>
        <Duration>2</Duration>
        <Duration>2</Duration>
        <Duration>30</Duration>
        <Duration>8</Duration>
        <Duration>2</Duration>
        <Duration>2</Duration>
        <Duration>2</Duration>
        <Duration>27</Duration>
        <Duration>30</Duration>
        <Duration>8</Duration>
        <Duration>4</Duration>
        <Duration>4</Duration>
        <Duration>6</Duration>
        <Duration>4</Duration>
        <Duration>4</Duration>
      </Durations>
    </Anim>
    <Anim>
      <Name>Special0</Name>
      <Index>15</Index>
      <FrameWidth>56</FrameWidth>
      <FrameHeight>88</FrameHeight>
      <Durations>
        <Duration>2</Duration>
        <Duration>4</Duration>
        <Duration>4</Duration>
        <Duration>4</Duration>
        <Duration>2</Duration>
        <Duration>2</Duration>
        <Duration>2</Duration>
        <Duration>2</Duration>
        <Duration>1</Duration>
        <Duration>1</Duration>
        <Duration>1</Duration>
        <Duration>1</Duration>
        <Duration>1</Duration>
        <Duration>1</Duration>
        <Duration>1</Duration>
        <Duration>1</Duration>
        <Duration>1</Duration>
        <Duration>2</Duration>
        <Duration>2</Duration>
      </Durations>
    </Anim>
    <Anim>
      <Name>Fainted</Name>
      <Index>16</Index>
      <FrameWidth>64</FrameWidth>
      <FrameHeight>88</FrameHeight>
      <Durations>
        <Duration>4</Duration>
      </Durations>
    </Anim>
    <Anim>
      <Name>Roar</Name>
      <Index>17</Index>
      <FrameWidth>72</FrameWidth>
      <FrameHeight>96</FrameHeight>
      <Durations>
        <Duration>6</Duration>
        <Duration>2</Duration>
        <Duration>4</Duration>
        <Duration>6</Duration>
        <Duration>6</Duration>
        <Duration>2</Duration>
        <Duration>2</Duration>
        <Duration>2</Duration>
        <Duration>2</Duration>
        <Duration>2</Duration>
        <Duration>2</Duration>
        <Duration>2</Duration>
        <Duration>2</Duration>
        <Duration>2</Duration>
        <Duration>2</Duration>
        <Duration>2</Duration>
        <Duration>2</Duration>
      </Durations>
    </Anim>
    <Anim>
      <Name>Special1</Name>
      <Index>18</Index>
      <FrameWidth>72</FrameWidth>
      <FrameHeight>96</FrameHeight>
      <Durations>
        <Duration>8</Duration>
        <Duration>6</Duration>
        <Duration>8</Duration>
      </Durations>
    </Anim>
    <Anim>
      <Name>Special2</Name>
      <Index>19</Index>
      <FrameWidth>56</FrameWidth>
      <FrameHeight>88</FrameHeight>
      <Durations>
        <Duration>26</Duration>
        <Duration>10</Duration>
        <Duration>10</Duration>
        <Duration>30</Duration>
        <Duration>20</Duration>
        <Duration>20</Duration>
        <Duration>10</Duration>
      </Durations>
    </Anim>
    <Anim>
      <Name>StandingUp</Name>
      <Index>20</Index>
      <FrameWidth>56</FrameWidth>
      <FrameHeight>88</FrameHeight>
      <Durations>
        <Duration>14</Duration>
        <Duration>2</Duration>
        <Duration>2</Duration>
        <Duration>4</Duration>
        <Duration>4</Duration>
        <Duration>20</Duration>
        <Duration>4</Duration>
        <Duration>4</Duration>
        <Duration>4</Duration>
        <Duration>4</Duration>
        <Duration>28</Duration>
        <Duration>2</Duration>
        <Duration>2</Duration>
        <Duration>2</Duration>
        <Duration>2</Duration>
        <Duration>4</Duration>
        <Duration>4</Duration>
        <Duration>6</Duration>
        <Duration>6</Duration>
        <Duration>22</Duration>
        <Duration>26</Duration>
      </Durations>
    </Anim>
  </Anims>
</AnimData>
